Workbook

Sheet Leads
A1: ID | B1: Data de Cadastro | C1: Empresa | D1: Nome do Contato | E1: WhatsApp | F1: Telefone (E.164) | G1: E-mail | H1: Instagram ou Site | I1: Cidade | J1: Nicho | K1: Canal de Entrada | L1: Origem Detalhada | M1: Serviços | N1: Demanda | O1: Status | P1: Converteu? | Q1: Fee Mensal | R1: Setup | S1: Verba de Mídia | T1: Temperatura | U1: Próximo Retorno | V1: Responsável | W1: Motivo de Perda | X1: Observações | Y1: Aviso Telefone | Z1: _id | AA1: _ordem | AB1: _criado_em | AC1: _atualizado_em | AD1: _etapa_em | AE1: _fechado_em | AF1: _exemplo | AG1: _historico
A2: 1 | B2: 46307 | C2: Clínica Odonto Sorriso | D2: Carla | J2: Saúde | K2: Tráfego pago | L2: Meta Ads - Instagram | M2: Tráfego Pago, Landing Page | N2: Quer encher a agenda de implantes. Hoje depende só de indicação. | O2: Novo lead | P2: Não | Q2: 3500 | R2: 1500 | S2: 3000 | T2: Quente | U2: 46308 | V2: Vinicius | Z2: ex1 | AA2: -1791776685748 | AB2: 1791776685748 | AC2: 1791776685748 | AD2: 1791776685748 | AE2: 0 | AF2: TRUE | AG2: [{"t":1791776685748,"k":"create"}]
A3: 2 | B3: 46304 | C3: Bistrô Três Fronteiras | D3: Rafael | J3: Alimentação | K3: Orgânico | L3: Instagram orgânico | M3: Social Media, Produção de Vídeo | N3: Precisa de conteúdo para o delivery e reels do salão. | O3: Primeiro contato | P3: Não | Q3: 2200 | R3: 0 | S3: 800 | T3: Morno | U3: 46309 | V3: Vinicius | Z3: ex2 | AA3: -1791517485748 | AB3: 1791517485748 | AC3: 1791690285748 | AD3: 1791690285748 | AE3: 0 | AF3: TRUE | AG3: [{"t":1791517485748,"k":"create"},{"t":1791690285748,"k":"stage","from":"novo","to":"contato","txt":""},{"t":1791863085748,"k":"note","txt":"Mandou áudio pedindo exemplos de reels de restaurante."}]
A4: 3 | B4: 46300 | C4: Imobiliária Cataratas | D4: Marcos | J4: Imobiliário | K4: Indicação | L4: Indicação | M4: Tráfego Pago, Automação / CRM | N4: Leads de lançamento chegam frios. Quer qualificar no WhatsApp. | O4: Aguardando retorno | P4: Não | Q4: 4800 | R4: 2000 | S4: 6000 | T4: Morno | U4: 46306 | V4: Vinicius | Z4: ex3 | AA4: -1791171885748 | AB4: 1791171885748 | AC4: 1791171885748 | AD4: 1791171885748 | AE4: 0 | AF4: TRUE | AG4: [{"t":1791171885748,"k":"create"},{"t":1791171885748,"k":"stage","from":"contato","to":"aguardando","txt":""}]
A5: 4 | B5: 46297 | C5: Studio Bella Estética | D5: Juliana | J5: Estética e beleza | K5: Tráfego pago | L5: Google Ads | M5: Tráfego Pago, Social Media | N5: Reunião de diagnóstico marcada. Ticket alto em harmonização. | O5: Reunião agendada | P5: Não | Q5: 3200 | R5: 0 | S5: 2500 | T5: Quente | U5: 46310 | V5: Vinicius | Z5: ex4 | AA5: -1790912685748 | AB5: 1790912685748 | AC5: 1791776685748 | AD5: 1791776685748 | AE5: 0 | AF5: TRUE | AG5: [{"t":1790912685748,"k":"create"},{"t":1791776685748,"k":"stage","from":"aguardando","to":"reuniao","txt":""}]
A6: 5 | B6: 46291 | C6: Solar Iguaçu Energia | D6: André | J6: Energia solar | K6: Site | L6: Site | M6: Tráfego Pago, Landing Page, SEO | N6: Proposta de gestão 6 meses enviada. Comparando com outra agência. | O6: Proposta enviada | P6: Não | Q6: 5500 | R6: 3000 | S6: 8000 | T6: Quente | U6: 46311 | V6: Vinicius | Z6: ex5 | AA6: -1790394285748 | AB6: 1790394285748 | AC6: 1791603885748 | AD6: 1791603885748 | AE6: 0 | AF6: TRUE | AG6: [{"t":1790394285748,"k":"create"},{"t":1791603885748,"k":"stage","from":"diagnostico","to":"proposta","txt":""},{"t":1791863085748,"k":"note","txt":"Enviei a proposta em PDF pelo WhatsApp."}]
A7: 6 | B7: 46287 | C7: Advocacia Ribeiro e Lima | D7: Dra. Paula | J7: Advocacia | K7: Indicação | L7: Indicação | M7: Gestão 360 | N7: Negociando escopo. Pediu desconto no setup. | O7: Negociação | P7: Não | Q7: 6900 | R7: 2500 | S7: 5000 | T7: Quente | U7: 46309 | V7: Vinicius | Z7: ex6 | AA7: -1790048685748 | AB7: 1790048685748 | AC7: 1791863085748 | AD7: 1791863085748 | AE7: 0 | AF7: TRUE | AG7: [{"t":1790048685748,"k":"create"},{"t":1791863085748,"k":"stage","from":"proposta","to":"negociacao","txt":""}]
A8: 7 | B8: 46282 | C8: Academia Força Total | D8: Bruno | J8: Serviços locais | K8: Tráfego pago | L8: Meta Ads - Facebook | M8: Social Media | N8: Fechou plano trimestral de social media. | O8: Fechado | P8: Sim | Q8: 1800 | R8: 900 | S8: 1500 | T8: Morno | V8: Vinicius | Z8: ex7 | AA8: -1789616685748 | AB8: 1789616685748 | AC8: 1791431085748 | AD8: 1791431085748 | AE8: 1791431085748 | AF8: TRUE | AG8: [{"t":1789616685748,"k":"create"},{"t":1791431085748,"k":"stage","from":"negociacao","to":"fechado","txt":""}]
A9: 8 | B9: 46279 | C9: Escola de Idiomas Ponte | D9: Fernanda | J9: Educação | K9: Prospecção ativa | L9: Prospecção ativa | M9: Tráfego Pago | O9: Perdido | P9: Não | Q9: 2500 | R9: 0 | S9: 2000 | T9: Frio | V9: Vinicius | W9: Sem orçamento · Achou caro para o momento | Z9: ex8 | AA9: -1789357485748 | AB9: 1789357485748 | AC9: 1791085485748 | AD9: 1791085485748 | AE9: 0 | AF9: TRUE | AG9: [{"t":1789357485748,"k":"create"},{"t":1791085485748,"k":"stage","from":"proposta","to":"perdido","txt":"Sem orçamento · Achou caro para o momento"}]

Sheet Painel
A1: Painel comercial
A2: Atualiza sozinho com a aba Leads. O CRM tem um painel mais completo, com filtros por período.
A4: TOTAL DE LEADS | C4: FECHADOS | E4: TAXA DE CONVERSÃO | H4: FECHADO (R$/MÊS) | K4: PIPELINE EM ABERTO (R$/MÊS)
A5: =SUMPRODUCT(--(LEN(Leads!$C$2:$C$5000&Leads!$D$2:$D$5000)>0)) | C5: =COUNTIF(Leads!$O$2:$O$5000,"Fechado") | E5: =IFERROR(C5/A5,0) | H5: =SUMIF(Leads!$O$2:$O$5000,"Fechado",Leads!$Q$2:$Q$5000) | K5: =SUM(Leads!$Q$2:$Q$5000)-SUMIF(Leads!$O$2:$O$5000,"Fechado",Leads!$Q$2:$Q$5000)-SUMIF(Leads!$O$2:$O$5000,"Perdido",Leads!$Q$2:$Q$5000)
A6: Ticket médio (R$/mês) | C6: =IFERROR(H5/C5,0)
A8: Leads por etapa | E8: Leads por canal | H8: Leads por serviço | K8: Leads por origem
A9: Etapa | B9: Quantidade | C9: Fee (R$/mês) | E9: Canal | F9: Quantidade | H9: Serviço | I9: Quantidade | K9: Origem | L9: Quantidade
A10: Novo lead | B10: =COUNTIF(Leads!$O$2:$O$5000,A10) | C10: =SUMIF(Leads!$O$2:$O$5000,A10,Leads!$Q$2:$Q$5000) | E10: =IF('Listas do CRM'!B2="","",'Listas do CRM'!B2) | F10: =IF(E10="","",COUNTIF(Leads!$K$2:$K$5000,E10)) | H10: =IF('Listas do CRM'!A2="","",'Listas do CRM'!A2) | I10: =IF(H10="","",COUNTIF(Leads!$M$2:$M$5000,"*"&H10&"*")) | K10: =IF('Listas do CRM'!C2="","",'Listas do CRM'!C2) | L10: =IF(K10="","",COUNTIF(Leads!$L$2:$L$5000,K10))
A11: Primeiro contato | B11: =COUNTIF(Leads!$O$2:$O$5000,A11) | C11: =SUMIF(Leads!$O$2:$O$5000,A11,Leads!$Q$2:$Q$5000) | E11: =IF('Listas do CRM'!B3="","",'Listas do CRM'!B3) | F11: =IF(E11="","",COUNTIF(Leads!$K$2:$K$5000,E11)) | H11: =IF('Listas do CRM'!A3="","",'Listas do CRM'!A3) | I11: =IF(H11="","",COUNTIF(Leads!$M$2:$M$5000,"*"&H11&"*")) | K11: =IF('Listas do CRM'!C3="","",'Listas do CRM'!C3) | L11: =IF(K11="","",COUNTIF(Leads!$L$2:$L$5000,K11))
A12: Aguardando retorno | B12: =COUNTIF(Leads!$O$2:$O$5000,A12) | C12: =SUMIF(Leads!$O$2:$O$5000,A12,Leads!$Q$2:$Q$5000) | E12: =IF('Listas do CRM'!B4="","",'Listas do CRM'!B4) | F12: =IF(E12="","",COUNTIF(Leads!$K$2:$K$5000,E12)) | H12: =IF('Listas do CRM'!A4="","",'Listas do CRM'!A4) | I12: =IF(H12="","",COUNTIF(Leads!$M$2:$M$5000,"*"&H12&"*")) | K12: =IF('Listas do CRM'!C4="","",'Listas do CRM'!C4) | L12: =IF(K12="","",COUNTIF(Leads!$L$2:$L$5000,K12))
A13: Reunião agendada | B13: =COUNTIF(Leads!$O$2:$O$5000,A13) | C13: =SUMIF(Leads!$O$2:$O$5000,A13,Leads!$Q$2:$Q$5000) | E13: =IF('Listas do CRM'!B5="","",'Listas do CRM'!B5) | F13: =IF(E13="","",COUNTIF(Leads!$K$2:$K$5000,E13)) | H13: =IF('Listas do CRM'!A5="","",'Listas do CRM'!A5) | I13: =IF(H13="","",COUNTIF(Leads!$M$2:$M$5000,"*"&H13&"*")) | K13: =IF('Listas do CRM'!C5="","",'Listas do CRM'!C5) | L13: =IF(K13="","",COUNTIF(Leads!$L$2:$L$5000,K13))
A14: Reunião realizada | B14: =COUNTIF(Leads!$O$2:$O$5000,A14) | C14: =SUMIF(Leads!$O$2:$O$5000,A14,Leads!$Q$2:$Q$5000) | E14: =IF('Listas do CRM'!B6="","",'Listas do CRM'!B6) | F14: =IF(E14="","",COUNTIF(Leads!$K$2:$K$5000,E14)) | H14: =IF('Listas do CRM'!A6="","",'Listas do CRM'!A6) | I14: =IF(H14="","",COUNTIF(Leads!$M$2:$M$5000,"*"&H14&"*")) | K14: =IF('Listas do CRM'!C6="","",'Listas do CRM'!C6) | L14: =IF(K14="","",COUNTIF(Leads!$L$2:$L$5000,K14))
A15: Proposta enviada | B15: =COUNTIF(Leads!$O$2:$O$5000,A15) | C15: =SUMIF(Leads!$O$2:$O$5000,A15,Leads!$Q$2:$Q$5000) | E15: =IF('Listas do CRM'!B7="","",'Listas do CRM'!B7) | F15: =IF(E15="","",COUNTIF(Leads!$K$2:$K$5000,E15)) | H15: =IF('Listas do CRM'!A7="","",'Listas do CRM'!A7) | I15: =IF(H15="","",COUNTIF(Leads!$M$2:$M$5000,"*"&H15&"*")) | K15: =IF('Listas do CRM'!C7="","",'Listas do CRM'!C7) | L15: =IF(K15="","",COUNTIF(Leads!$L$2:$L$5000,K15))
A16: Negociação | B16: =COUNTIF(Leads!$O$2:$O$5000,A16) | C16: =SUMIF(Leads!$O$2:$O$5000,A16,Leads!$Q$2:$Q$5000) | E16: =IF('Listas do CRM'!B8="","",'Listas do CRM'!B8) | F16: =IF(E16="","",COUNTIF(Leads!$K$2:$K$5000,E16)) | H16: =IF('Listas do CRM'!A8="","",'Listas do CRM'!A8) | I16: =IF(H16="","",COUNTIF(Leads!$M$2:$M$5000,"*"&H16&"*")) | K16: =IF('Listas do CRM'!C8="","",'Listas do CRM'!C8) | L16: =IF(K16="","",COUNTIF(Leads!$L$2:$L$5000,K16))
A17: Fechado | B17: =COUNTIF(Leads!$O$2:$O$5000,A17) | C17: =SUMIF(Leads!$O$2:$O$5000,A17,Leads!$Q$2:$Q$5000) | E17: =IF('Listas do CRM'!B9="","",'Listas do CRM'!B9) | F17: =IF(E17="","",COUNTIF(Leads!$K$2:$K$5000,E17)) | H17: =IF('Listas do CRM'!A9="","",'Listas do CRM'!A9) | I17: =IF(H17="","",COUNTIF(Leads!$M$2:$M$5000,"*"&H17&"*")) | K17: =IF('Listas do CRM'!C9="","",'Listas do CRM'!C9) | L17: =IF(K17="","",COUNTIF(Leads!$L$2:$L$5000,K17))
A18: Perdido | B18: =COUNTIF(Leads!$O$2:$O$5000,A18) | C18: =SUMIF(Leads!$O$2:$O$5000,A18,Leads!$Q$2:$Q$5000) | E18: =IF('Listas do CRM'!B10="","",'Listas do CRM'!B10) | F18: =IF(E18="","",COUNTIF(Leads!$K$2:$K$5000,E18)) | H18: =IF('Listas do CRM'!A10="","",'Listas do CRM'!A10) | I18: =IF(H18="","",COUNTIF(Leads!$M$2:$M$5000,"*"&H18&"*")) | K18: =IF('Listas do CRM'!C10="","",'Listas do CRM'!C10) | L18: =IF(K18="","",COUNTIF(Leads!$L$2:$L$5000,K18))
E19: =IF('Listas do CRM'!B11="","",'Listas do CRM'!B11) | F19: =IF(E19="","",COUNTIF(Leads!$K$2:$K$5000,E19)) | H19: =IF('Listas do CRM'!A11="","",'Listas do CRM'!A11) | I19: =IF(H19="","",COUNTIF(Leads!$M$2:$M$5000,"*"&H19&"*")) | K19: =IF('Listas do CRM'!C11="","",'Listas do CRM'!C11) | L19: =IF(K19="","",COUNTIF(Leads!$L$2:$L$5000,K19))
E20: =IF('Listas do CRM'!B12="","",'Listas do CRM'!B12) | F20: =IF(E20="","",COUNTIF(Leads!$K$2:$K$5000,E20)) | H20: =IF('Listas do CRM'!A12="","",'Listas do CRM'!A12) | I20: =IF(H20="","",COUNTIF(Leads!$M$2:$M$5000,"*"&H20&"*")) | K20: =IF('Listas do CRM'!C12="","",'Listas do CRM'!C12) | L20: =IF(K20="","",COUNTIF(Leads!$L$2:$L$5000,K20))
E21: =IF('Listas do CRM'!B13="","",'Listas do CRM'!B13) | F21: =IF(E21="","",COUNTIF(Leads!$K$2:$K$5000,E21)) | H21: =IF('Listas do CRM'!A13="","",'Listas do CRM'!A13) | I21: =IF(H21="","",COUNTIF(Leads!$M$2:$M$5000,"*"&H21&"*")) | K21: =IF('Listas do CRM'!C13="","",'Listas do CRM'!C13) | L21: =IF(K21="","",COUNTIF(Leads!$L$2:$L$5000,K21))
E23: Mostra as 12 primeiras opções de cada lista. | H23: Um lead pode querer mais de um serviço.

Sheet Listas do CRM
A1: Serviços | B1: Canais de entrada | C1: Origem detalhada | D1: Nichos | E1: Responsáveis | F1: Motivos de perda | H1: Etapas do funil (fixas)
A2: Tráfego Pago | B2: Tráfego pago | C2: Google Ads | D2: Advocacia | E2: Vinicius | F2: Sem orçamento | H2: Novo lead
A3: Social Media | B3: Site | C3: Meta Ads - Facebook | D3: Saúde | F3: Fechou com outra agência | H3: Primeiro contato
A4: Landing Page | B4: Orgânico | C4: Meta Ads - Instagram | D4: Estética e beleza | F4: Sem resposta | H4: Aguardando retorno
A5: Site | B5: Indicação | C5: Site | D5: Alimentação | F5: Desqualificado | H5: Reunião agendada
A6: Identidade Visual | B6: WhatsApp | C6: Instagram orgânico | D6: Varejo | F6: Adiou a decisão | H6: Reunião realizada
A7: Produção de Vídeo | B7: Prospecção ativa | C7: Indicação | D7: Imobiliário | F7: Vai fazer por conta própria | H7: Proposta enviada
A8: Gestão 360 | B8: Outro | C8: WhatsApp | D8: Educação | F8: Outro | H8: Negociação
A9: Consultoria | B9: Não informado | C9: Prospecção ativa | D9: Energia solar | H9: Fechado
A10: SEO | C10: Evento | D10: Serviços locais | H10: Perdido
A11: Automação / CRM | C11: Outro | D11: Outro
C12: Não informado

Sheet Leia-me
A1: CRM Shark Digital · banco de dados
A2: Esta planilha é o banco de dados do CRM em seusite/crm. O CRM lê e grava aqui.
A4: O que pode editar
A5: • Aba Leads: as colunas visíveis (Empresa, Status, Fee Mensal, Próximo Retorno…). O CRM puxa as mudanças em até 20 segundos.
A6: • Aba Listas do CRM: as opções dos menus (serviços, canais, origens, nichos, responsáveis, motivos de perda).
A7: • Datas no formato dd/mm/aaaa. Status e Temperatura usam as opções da lista suspensa.
A9: O que não pode mexer
A10: • Não renomeie os títulos da linha 1 da aba Leads nem da aba Listas do CRM: o CRM encontra as colunas pelo nome.
A11: • As colunas que começam com _ (ocultas, depois de Aviso Telefone) são do sistema: id, ordem dos cards, datas internas e histórico.
A12: • Não renomeie as abas Leads e Listas do CRM.
A14: Exemplos
A15: As 8 primeiras linhas da aba Leads são exemplos (coluna _exemplo = VERDADEIRO). Apague pelo botão “Apagar exemplos” no CRM.
... A19: Quem entra no CRM é definido pela lista de e-mails admin no Vercel, não pelo compartilhamento da planilha.
